bits, path
2, sub-MSC01_ses-func01/anat/first
2, sub-MSC01_ses-func01/anat/surfaces/conte69
2, sub-MSC01_ses-func01/anat/volumetric
2, sub-MSC01_ses-func01/dwi
2, sub-MSC01_ses-func01/func
2, sub-MSC01_ses-func01/QC/png
2, sub-MSC01_ses-func01/xfm
2, sub-MSC01_ses-func02/anat/first
2, sub-MSC01_ses-func02/anat/surfaces/conte69
2, sub-MSC01_ses-func02/anat/volumetric
2, sub-MSC01_ses-func02/dwi
2, sub-MSC01_ses-func02/func
2, sub-MSC01_ses-func02/QC/png
2, sub-MSC01_ses-func02/xfm
2, sub-MSC01_ses-func03/anat/first
2, sub-MSC01_ses-func03/anat/surfaces/conte69
2, sub-MSC01_ses-func03/anat/volumetric
2, sub-MSC01_ses-func03/dwi
2, sub-MSC01_ses-func03/func
2, sub-MSC01_ses-func03/QC/png
2, sub-MSC01_ses-func03/xfm
2, sub-MSC01_ses-func04/anat/first
2, sub-MSC01_ses-func04/anat/surfaces/conte69
2, sub-MSC01_ses-func04/anat/volumetric
2, sub-MSC01_ses-func04/dwi
2, sub-MSC01_ses-func04/func
2, sub-MSC01_ses-func04/QC/png
2, sub-MSC01_ses-func04/xfm
2, sub-MSC01_ses-func05/anat/first
2, sub-MSC01_ses-func05/anat/surfaces/conte69
2, sub-MSC01_ses-func05/anat/volumetric
2, sub-MSC01_ses-func05/dwi
2, sub-MSC01_ses-func05/func
2, sub-MSC01_ses-func05/QC/png
2, sub-MSC01_ses-func05/xfm
2, sub-MSC01_ses-func06/anat/first
2, sub-MSC01_ses-func06/anat/surfaces/conte69
2, sub-MSC01_ses-func06/anat/volumetric
2, sub-MSC01_ses-func06/dwi
2, sub-MSC01_ses-func06/func
2, sub-MSC01_ses-func06/QC/png
2, sub-MSC01_ses-func06/xfm
2, sub-MSC01_ses-func07/anat/first
2, sub-MSC01_ses-func07/anat/surfaces/conte69
2, sub-MSC01_ses-func07/anat/volumetric
2, sub-MSC01_ses-func07/dwi
2, sub-MSC01_ses-func07/func
2, sub-MSC01_ses-func07/QC/png
2, sub-MSC01_ses-func07/xfm
2, sub-MSC01_ses-func08/anat/first
2, sub-MSC01_ses-func08/anat/surfaces/conte69
2, sub-MSC01_ses-func08/anat/volumetric
2, sub-MSC01_ses-func08/dwi
2, sub-MSC01_ses-func08/func
2, sub-MSC01_ses-func08/QC/png
2, sub-MSC01_ses-func08/xfm
2, sub-MSC01_ses-func09/anat/first
2, sub-MSC01_ses-func09/anat/surfaces/conte69
2, sub-MSC01_ses-func09/anat/volumetric
2, sub-MSC01_ses-func09/dwi
2, sub-MSC01_ses-func09/func
2, sub-MSC01_ses-func09/QC/png
2, sub-MSC01_ses-func09/xfm
2, sub-MSC01_ses-func10/anat/first
2, sub-MSC01_ses-func10/anat/surfaces/conte69
2, sub-MSC01_ses-func10/anat/volumetric
2, sub-MSC01_ses-func10/dwi
2, sub-MSC01_ses-func10/func
2, sub-MSC01_ses-func10/QC/png
2, sub-MSC01_ses-func10/xfm
2, sub-MSC01_ses-struct01/anat/surfaces/MSC01/mri/transforms/bak
2, sub-MSC01_ses-struct01/anat/surfaces/MSC01/tmp
2, sub-MSC01_ses-struct01/anat/surfaces/MSC01/trash
2, sub-MSC01_ses-struct01/dwi
2, sub-MSC01_ses-struct01/func
2, sub-MSC01_ses-struct01/QC
2, sub-MSC01_ses-struct02/dwi
2, sub-MSC01_ses-struct02/func
2, sub-MSC02_ses-func01/anat/first
2, sub-MSC02_ses-func01/anat/surfaces/conte69
2, sub-MSC02_ses-func01/anat/volumetric
2, sub-MSC02_ses-func01/dwi
2, sub-MSC02_ses-func01/QC/png
2, sub-MSC02_ses-func02/anat/first
2, sub-MSC02_ses-func02/anat/surfaces/conte69
2, sub-MSC02_ses-func02/anat/volumetric
2, sub-MSC02_ses-func02/dwi
2, sub-MSC02_ses-func02/QC/png
2, sub-MSC02_ses-func03/anat/first
2, sub-MSC02_ses-func03/anat/surfaces/conte69
2, sub-MSC02_ses-func03/anat/volumetric
2, sub-MSC02_ses-func03/dwi
2, sub-MSC02_ses-func03/QC/png
2, sub-MSC02_ses-func04/anat/first
2, sub-MSC02_ses-func04/anat/surfaces/conte69
2, sub-MSC02_ses-func04/anat/volumetric
2, sub-MSC02_ses-func04/dwi
2, sub-MSC02_ses-func04/QC/png
2, sub-MSC02_ses-func05/anat/first
2, sub-MSC02_ses-func05/anat/surfaces/conte69
2, sub-MSC02_ses-func05/anat/volumetric
2, sub-MSC02_ses-func05/dwi
2, sub-MSC02_ses-func05/QC/png
2, sub-MSC02_ses-func06/anat/first
2, sub-MSC02_ses-func06/anat/surfaces/conte69
2, sub-MSC02_ses-func06/anat/volumetric
2, sub-MSC02_ses-func06/dwi
2, sub-MSC02_ses-func06/QC/png
2, sub-MSC02_ses-func07/anat/first
2, sub-MSC02_ses-func07/anat/surfaces/conte69
2, sub-MSC02_ses-func07/anat/volumetric
2, sub-MSC02_ses-func07/dwi
2, sub-MSC02_ses-func07/QC/png
2, sub-MSC02_ses-func08/anat/first
2, sub-MSC02_ses-func08/anat/surfaces/conte69
2, sub-MSC02_ses-func08/anat/volumetric
2, sub-MSC02_ses-func08/dwi
2, sub-MSC02_ses-func08/QC/png
2, sub-MSC02_ses-func09/anat/first
2, sub-MSC02_ses-func09/anat/surfaces/conte69
2, sub-MSC02_ses-func09/anat/volumetric
2, sub-MSC02_ses-func09/dwi
2, sub-MSC02_ses-func09/QC/png
2, sub-MSC02_ses-func10/anat/first
2, sub-MSC02_ses-func10/anat/surfaces/conte69
2, sub-MSC02_ses-func10/anat/volumetric
2, sub-MSC02_ses-func10/dwi
2, sub-MSC02_ses-func10/QC/png
2, sub-MSC02_ses-func11/anat/first
2, sub-MSC02_ses-func11/anat/surfaces/conte69
2, sub-MSC02_ses-func11/anat/volumetric
2, sub-MSC02_ses-func11/dwi
2, sub-MSC02_ses-func11/func
2, sub-MSC02_ses-func11/QC/png
2, sub-MSC02_ses-func11/xfm
2, sub-MSC02_ses-struct01/dwi
2, sub-MSC02_ses-struct02/dwi
2, sub-MSC02_ses-struct02/func
2, sub-MSC02_ses-struct02/QC
2, sub-MSC03_ses-func01/anat/first
2, sub-MSC03_ses-func01/anat/surfaces/conte69
2, sub-MSC03_ses-func01/anat/volumetric
2, sub-MSC03_ses-func01/dwi
2, sub-MSC03_ses-func01/QC/png
2, sub-MSC03_ses-func02/anat/first
2, sub-MSC03_ses-func02/anat/surfaces/conte69
2, sub-MSC03_ses-func02/anat/volumetric
2, sub-MSC03_ses-func02/dwi
2, sub-MSC03_ses-func02/QC/png
2, sub-MSC03_ses-func03/anat/first
2, sub-MSC03_ses-func03/anat/surfaces/conte69
2, sub-MSC03_ses-func03/anat/volumetric
2, sub-MSC03_ses-func03/dwi
2, sub-MSC03_ses-func03/QC/png
2, sub-MSC03_ses-func04/anat/first
2, sub-MSC03_ses-func04/anat/surfaces/conte69
2, sub-MSC03_ses-func04/anat/volumetric
2, sub-MSC03_ses-func04/dwi
2, sub-MSC03_ses-func04/QC/png
2, sub-MSC03_ses-func05/anat/first
2, sub-MSC03_ses-func05/anat/surfaces/conte69
2, sub-MSC03_ses-func05/anat/volumetric
2, sub-MSC03_ses-func05/dwi
2, sub-MSC03_ses-func05/QC/png
2, sub-MSC03_ses-func06/anat/first
2, sub-MSC03_ses-func06/anat/surfaces/conte69
2, sub-MSC03_ses-func06/anat/volumetric
2, sub-MSC03_ses-func06/dwi
2, sub-MSC03_ses-func06/QC/png
2, sub-MSC03_ses-func07/anat/first
2, sub-MSC03_ses-func07/anat/surfaces/conte69
2, sub-MSC03_ses-func07/anat/volumetric
2, sub-MSC03_ses-func07/dwi
2, sub-MSC03_ses-func07/QC/png
2, sub-MSC03_ses-func08/anat/first
2, sub-MSC03_ses-func08/anat/surfaces/conte69
2, sub-MSC03_ses-func08/anat/volumetric
2, sub-MSC03_ses-func08/dwi
2, sub-MSC03_ses-func08/QC/png
2, sub-MSC03_ses-func09/anat/first
2, sub-MSC03_ses-func09/anat/surfaces/conte69
2, sub-MSC03_ses-func09/anat/volumetric
2, sub-MSC03_ses-func09/dwi
2, sub-MSC03_ses-func09/QC/png
2, sub-MSC03_ses-func10/anat/first
2, sub-MSC03_ses-func10/anat/surfaces/conte69
2, sub-MSC03_ses-func10/anat/volumetric
2, sub-MSC03_ses-func10/dwi
2, sub-MSC03_ses-func10/QC/png
2, sub-MSC03_ses-struct01/dwi
2, sub-MSC03_ses-struct01/func
2, sub-MSC03_ses-struct01/QC
2, sub-MSC03_ses-struct02/dwi
2, sub-MSC03_ses-struct02/func
2, sub-MSC03_ses-struct02/QC
2, sub-MSC04_ses-func01/anat/first
2, sub-MSC04_ses-func01/anat/surfaces/conte69
2, sub-MSC04_ses-func01/anat/volumetric
2, sub-MSC04_ses-func01/dwi
2, sub-MSC04_ses-func01/QC/png
2, sub-MSC04_ses-func02/anat/first
2, sub-MSC04_ses-func02/anat/surfaces/conte69
2, sub-MSC04_ses-func02/anat/volumetric
2, sub-MSC04_ses-func02/dwi
2, sub-MSC04_ses-func02/QC/png
2, sub-MSC04_ses-func03/anat/first
2, sub-MSC04_ses-func03/anat/surfaces/conte69
2, sub-MSC04_ses-func03/anat/volumetric
2, sub-MSC04_ses-func03/dwi
2, sub-MSC04_ses-func03/QC/png
2, sub-MSC04_ses-func04/anat/first
2, sub-MSC04_ses-func04/anat/surfaces/conte69
2, sub-MSC04_ses-func04/anat/volumetric
2, sub-MSC04_ses-func04/dwi
2, sub-MSC04_ses-func04/QC/png
2, sub-MSC04_ses-func05/anat/first
2, sub-MSC04_ses-func05/anat/surfaces/conte69
2, sub-MSC04_ses-func05/anat/volumetric
2, sub-MSC04_ses-func05/dwi
2, sub-MSC04_ses-func05/QC/png
2, sub-MSC04_ses-func06/anat/first
2, sub-MSC04_ses-func06/anat/surfaces/conte69
2, sub-MSC04_ses-func06/anat/volumetric
2, sub-MSC04_ses-func06/dwi
2, sub-MSC04_ses-func06/QC/png
2, sub-MSC04_ses-func07/anat/first
2, sub-MSC04_ses-func07/anat/surfaces/conte69
2, sub-MSC04_ses-func07/anat/volumetric
2, sub-MSC04_ses-func07/dwi
2, sub-MSC04_ses-func07/QC/png
2, sub-MSC04_ses-func08/anat/first
2, sub-MSC04_ses-func08/anat/surfaces/conte69
2, sub-MSC04_ses-func08/anat/volumetric
2, sub-MSC04_ses-func08/dwi
2, sub-MSC04_ses-func08/QC/png
2, sub-MSC04_ses-func09/anat/first
2, sub-MSC04_ses-func09/anat/surfaces/conte69
2, sub-MSC04_ses-func09/anat/volumetric
2, sub-MSC04_ses-func09/dwi
2, sub-MSC04_ses-func09/QC/png
2, sub-MSC04_ses-func10/anat/first
2, sub-MSC04_ses-func10/anat/surfaces/conte69
2, sub-MSC04_ses-func10/anat/volumetric
2, sub-MSC04_ses-func10/dwi
2, sub-MSC04_ses-func10/QC/png
2, sub-MSC04_ses-struct01/dwi
2, sub-MSC04_ses-struct01/func
2, sub-MSC04_ses-struct01/QC
2, sub-MSC04_ses-struct02/dwi
2, sub-MSC04_ses-struct02/func
2, sub-MSC04_ses-struct02/QC
2, sub-MSC05_ses-func01/anat/first
2, sub-MSC05_ses-func01/anat/surfaces/conte69
2, sub-MSC05_ses-func01/anat/volumetric
2, sub-MSC05_ses-func01/dwi
2, sub-MSC05_ses-func01/QC/png
2, sub-MSC05_ses-func02/anat/first
2, sub-MSC05_ses-func02/anat/surfaces/conte69
2, sub-MSC05_ses-func02/anat/volumetric
2, sub-MSC05_ses-func02/dwi
2, sub-MSC05_ses-func02/QC/png
2, sub-MSC05_ses-func03/anat/first
2, sub-MSC05_ses-func03/anat/surfaces/conte69
2, sub-MSC05_ses-func03/anat/volumetric
2, sub-MSC05_ses-func03/dwi
2, sub-MSC05_ses-func03/QC/png
2, sub-MSC05_ses-func04/anat/first
2, sub-MSC05_ses-func04/anat/surfaces/conte69
2, sub-MSC05_ses-func04/anat/volumetric
2, sub-MSC05_ses-func04/dwi
2, sub-MSC05_ses-func04/QC/png
2, sub-MSC05_ses-func05/anat/first
2, sub-MSC05_ses-func05/anat/surfaces/conte69
2, sub-MSC05_ses-func05/anat/volumetric
2, sub-MSC05_ses-func05/dwi
2, sub-MSC05_ses-func05/QC/png
2, sub-MSC05_ses-func06/anat/first
2, sub-MSC05_ses-func06/anat/surfaces/conte69
2, sub-MSC05_ses-func06/anat/volumetric
2, sub-MSC05_ses-func06/dwi
2, sub-MSC05_ses-func06/QC/png
2, sub-MSC05_ses-func07/anat/first
2, sub-MSC05_ses-func07/anat/surfaces/conte69
2, sub-MSC05_ses-func07/anat/volumetric
2, sub-MSC05_ses-func07/dwi
2, sub-MSC05_ses-func07/QC/png
2, sub-MSC05_ses-func08/anat/first
2, sub-MSC05_ses-func08/anat/surfaces/conte69
2, sub-MSC05_ses-func08/anat/volumetric
2, sub-MSC05_ses-func08/dwi
2, sub-MSC05_ses-func08/QC/png
2, sub-MSC05_ses-func09/anat/first
2, sub-MSC05_ses-func09/anat/surfaces/conte69
2, sub-MSC05_ses-func09/anat/volumetric
2, sub-MSC05_ses-func09/dwi
2, sub-MSC05_ses-func09/QC/png
2, sub-MSC05_ses-func10/anat/first
2, sub-MSC05_ses-func10/anat/surfaces/conte69
2, sub-MSC05_ses-func10/anat/volumetric
2, sub-MSC05_ses-func10/dwi
2, sub-MSC05_ses-func10/QC/png
2, sub-MSC05_ses-struct01/dwi
2, sub-MSC05_ses-struct01/func
2, sub-MSC05_ses-struct01/QC
2, sub-MSC05_ses-struct02/dwi
2, sub-MSC05_ses-struct02/func
2, sub-MSC05_ses-struct02/QC
2, sub-MSC06_ses-func01/anat/first
2, sub-MSC06_ses-func01/anat/surfaces/conte69
2, sub-MSC06_ses-func01/anat/volumetric
2, sub-MSC06_ses-func01/dwi
2, sub-MSC06_ses-func01/QC/png
2, sub-MSC06_ses-func02/anat/first
2, sub-MSC06_ses-func02/anat/surfaces/conte69
2, sub-MSC06_ses-func02/anat/volumetric
2, sub-MSC06_ses-func02/dwi
2, sub-MSC06_ses-func02/QC/png
2, sub-MSC06_ses-func03/anat/first
2, sub-MSC06_ses-func03/anat/surfaces/conte69
2, sub-MSC06_ses-func03/anat/volumetric
2, sub-MSC06_ses-func03/dwi
2, sub-MSC06_ses-func03/QC/png
2, sub-MSC06_ses-func04/anat/first
2, sub-MSC06_ses-func04/anat/surfaces/conte69
2, sub-MSC06_ses-func04/anat/volumetric
2, sub-MSC06_ses-func04/dwi
2, sub-MSC06_ses-func04/QC/png
2, sub-MSC06_ses-func05/anat/first
2, sub-MSC06_ses-func05/anat/surfaces/conte69
2, sub-MSC06_ses-func05/anat/volumetric
2, sub-MSC06_ses-func05/dwi
2, sub-MSC06_ses-func05/QC/png
2, sub-MSC06_ses-func06/anat/first
2, sub-MSC06_ses-func06/anat/surfaces/conte69
2, sub-MSC06_ses-func06/anat/volumetric
2, sub-MSC06_ses-func06/dwi
2, sub-MSC06_ses-func06/QC/png
2, sub-MSC06_ses-func07/anat/first
2, sub-MSC06_ses-func07/anat/surfaces/conte69
2, sub-MSC06_ses-func07/anat/volumetric
2, sub-MSC06_ses-func07/dwi
2, sub-MSC06_ses-func07/QC/png
2, sub-MSC06_ses-func08/anat/first
2, sub-MSC06_ses-func08/anat/surfaces/conte69
2, sub-MSC06_ses-func08/anat/volumetric
2, sub-MSC06_ses-func08/dwi
2, sub-MSC06_ses-func08/QC/png
2, sub-MSC06_ses-func09/anat/first
2, sub-MSC06_ses-func09/anat/surfaces/conte69
2, sub-MSC06_ses-func09/anat/volumetric
2, sub-MSC06_ses-func09/dwi
2, sub-MSC06_ses-func09/QC/png
2, sub-MSC06_ses-func10/anat/first
2, sub-MSC06_ses-func10/anat/surfaces/conte69
2, sub-MSC06_ses-func10/anat/volumetric
2, sub-MSC06_ses-func10/dwi
2, sub-MSC06_ses-func10/QC/png
2, sub-MSC06_ses-struct01/dwi
2, sub-MSC06_ses-struct01/func
2, sub-MSC06_ses-struct01/QC
2, sub-MSC06_ses-struct02/dwi
2, sub-MSC06_ses-struct02/func
2, sub-MSC06_ses-struct02/QC
2, sub-MSC07_ses-func01/anat/first
2, sub-MSC07_ses-func01/anat/surfaces/conte69
2, sub-MSC07_ses-func01/anat/volumetric
2, sub-MSC07_ses-func01/dwi
2, sub-MSC07_ses-func01/QC/png
2, sub-MSC07_ses-func02/anat/first
2, sub-MSC07_ses-func02/anat/surfaces/conte69
2, sub-MSC07_ses-func02/anat/volumetric
2, sub-MSC07_ses-func02/dwi
2, sub-MSC07_ses-func02/QC/png
2, sub-MSC07_ses-func03/anat/first
2, sub-MSC07_ses-func03/anat/surfaces/conte69
2, sub-MSC07_ses-func03/anat/volumetric
2, sub-MSC07_ses-func03/dwi
2, sub-MSC07_ses-func03/QC/png
2, sub-MSC07_ses-func04/anat/first
2, sub-MSC07_ses-func04/anat/surfaces/conte69
2, sub-MSC07_ses-func04/anat/volumetric
2, sub-MSC07_ses-func04/dwi
2, sub-MSC07_ses-func04/QC/png
2, sub-MSC07_ses-func05/anat/first
2, sub-MSC07_ses-func05/anat/surfaces/conte69
2, sub-MSC07_ses-func05/anat/volumetric
2, sub-MSC07_ses-func05/dwi
2, sub-MSC07_ses-func05/QC/png
2, sub-MSC07_ses-func06/anat/first
2, sub-MSC07_ses-func06/anat/surfaces/conte69
2, sub-MSC07_ses-func06/anat/volumetric
2, sub-MSC07_ses-func06/dwi
2, sub-MSC07_ses-func06/QC/png
2, sub-MSC07_ses-func07/anat/first
2, sub-MSC07_ses-func07/anat/surfaces/conte69
2, sub-MSC07_ses-func07/anat/volumetric
2, sub-MSC07_ses-func07/dwi
2, sub-MSC07_ses-func07/QC/png
2, sub-MSC07_ses-func08/anat/first
2, sub-MSC07_ses-func08/anat/surfaces/conte69
2, sub-MSC07_ses-func08/anat/volumetric
2, sub-MSC07_ses-func08/dwi
2, sub-MSC07_ses-func08/QC/png
2, sub-MSC07_ses-func09/anat/first
2, sub-MSC07_ses-func09/anat/surfaces/conte69
2, sub-MSC07_ses-func09/anat/volumetric
2, sub-MSC07_ses-func09/dwi
2, sub-MSC07_ses-func09/QC/png
2, sub-MSC07_ses-func10/anat/first
2, sub-MSC07_ses-func10/anat/surfaces/conte69
2, sub-MSC07_ses-func10/anat/volumetric
2, sub-MSC07_ses-func10/dwi
2, sub-MSC07_ses-func10/QC/png
2, sub-MSC07_ses-struct01/dwi
2, sub-MSC07_ses-struct01/func
2, sub-MSC07_ses-struct01/QC
2, sub-MSC07_ses-struct02/dwi
2, sub-MSC07_ses-struct02/func
2, sub-MSC07_ses-struct02/QC
2, sub-MSC08_ses-func01/anat/first
2, sub-MSC08_ses-func01/anat/surfaces/conte69
2, sub-MSC08_ses-func01/anat/volumetric
2, sub-MSC08_ses-func01/dwi
2, sub-MSC08_ses-func01/QC/png
2, sub-MSC08_ses-func02/anat/first
2, sub-MSC08_ses-func02/anat/surfaces/conte69
2, sub-MSC08_ses-func02/anat/volumetric
2, sub-MSC08_ses-func02/dwi
2, sub-MSC08_ses-func02/QC/png
2, sub-MSC08_ses-func03/anat/first
2, sub-MSC08_ses-func03/anat/surfaces/conte69
2, sub-MSC08_ses-func03/anat/volumetric
2, sub-MSC08_ses-func03/dwi
2, sub-MSC08_ses-func03/QC/png
2, sub-MSC08_ses-func04/anat/first
2, sub-MSC08_ses-func04/anat/surfaces/conte69
2, sub-MSC08_ses-func04/anat/volumetric
2, sub-MSC08_ses-func04/dwi
2, sub-MSC08_ses-func04/QC/png
2, sub-MSC08_ses-func05/anat/first
2, sub-MSC08_ses-func05/anat/surfaces/conte69
2, sub-MSC08_ses-func05/anat/volumetric
2, sub-MSC08_ses-func05/dwi
2, sub-MSC08_ses-func05/QC/png
2, sub-MSC08_ses-func06/anat/first
2, sub-MSC08_ses-func06/anat/surfaces/conte69
2, sub-MSC08_ses-func06/anat/volumetric
2, sub-MSC08_ses-func06/dwi
2, sub-MSC08_ses-func06/QC/png
2, sub-MSC08_ses-func07/anat/first
2, sub-MSC08_ses-func07/anat/surfaces/conte69
2, sub-MSC08_ses-func07/anat/volumetric
2, sub-MSC08_ses-func07/dwi
2, sub-MSC08_ses-func07/QC/png
2, sub-MSC08_ses-func08/anat/first
2, sub-MSC08_ses-func08/anat/surfaces/conte69
2, sub-MSC08_ses-func08/anat/volumetric
2, sub-MSC08_ses-func08/dwi
2, sub-MSC08_ses-func08/QC/png
2, sub-MSC08_ses-func09/anat/first
2, sub-MSC08_ses-func09/anat/surfaces/conte69
2, sub-MSC08_ses-func09/anat/volumetric
2, sub-MSC08_ses-func09/dwi
2, sub-MSC08_ses-func09/func/surfaces
2, sub-MSC08_ses-func09/func/volumetric
2, sub-MSC08_ses-func09/QC/png
2, sub-MSC08_ses-func09/xfm
2, sub-MSC08_ses-func10/anat/first
2, sub-MSC08_ses-func10/anat/surfaces/conte69
2, sub-MSC08_ses-func10/anat/volumetric
2, sub-MSC08_ses-func10/dwi
2, sub-MSC08_ses-func10/QC/png
2, sub-MSC08_ses-struct01/dwi
2, sub-MSC08_ses-struct01/func
2, sub-MSC08_ses-struct01/QC
2, sub-MSC08_ses-struct02/dwi
2, sub-MSC08_ses-struct02/func
2, sub-MSC08_ses-struct02/QC
2, sub-MSC09_ses-func01/anat/first
2, sub-MSC09_ses-func01/anat/surfaces/conte69
2, sub-MSC09_ses-func01/anat/volumetric
2, sub-MSC09_ses-func01/dwi
2, sub-MSC09_ses-func01/QC/png
2, sub-MSC09_ses-func02/anat/first
2, sub-MSC09_ses-func02/anat/surfaces/conte69
2, sub-MSC09_ses-func02/anat/volumetric
2, sub-MSC09_ses-func02/dwi
2, sub-MSC09_ses-func02/QC/png
2, sub-MSC09_ses-func03/anat/first
2, sub-MSC09_ses-func03/anat/surfaces/conte69
2, sub-MSC09_ses-func03/anat/volumetric
2, sub-MSC09_ses-func03/dwi
2, sub-MSC09_ses-func03/QC/png
2, sub-MSC09_ses-func04/anat/first
2, sub-MSC09_ses-func04/anat/surfaces/conte69
2, sub-MSC09_ses-func04/anat/volumetric
2, sub-MSC09_ses-func04/dwi
2, sub-MSC09_ses-func04/QC/png
2, sub-MSC09_ses-func05/anat/first
2, sub-MSC09_ses-func05/anat/surfaces/conte69
2, sub-MSC09_ses-func05/anat/volumetric
2, sub-MSC09_ses-func05/dwi
2, sub-MSC09_ses-func05/QC/png
2, sub-MSC09_ses-func06/anat/first
2, sub-MSC09_ses-func06/anat/surfaces/conte69
2, sub-MSC09_ses-func06/anat/volumetric
2, sub-MSC09_ses-func06/dwi
2, sub-MSC09_ses-func06/QC/png
2, sub-MSC09_ses-func07/anat/first
2, sub-MSC09_ses-func07/anat/surfaces/conte69
2, sub-MSC09_ses-func07/anat/volumetric
2, sub-MSC09_ses-func07/dwi
2, sub-MSC09_ses-func07/QC/png
2, sub-MSC09_ses-func08/anat/first
2, sub-MSC09_ses-func08/anat/surfaces/conte69
2, sub-MSC09_ses-func08/anat/volumetric
2, sub-MSC09_ses-func08/dwi
2, sub-MSC09_ses-func08/func
2, sub-MSC09_ses-func08/QC/png
2, sub-MSC09_ses-func08/xfm
2, sub-MSC09_ses-func09/anat/first
2, sub-MSC09_ses-func09/anat/surfaces/conte69
2, sub-MSC09_ses-func09/anat/volumetric
2, sub-MSC09_ses-func09/dwi
2, sub-MSC09_ses-func09/func
2, sub-MSC09_ses-func09/QC/png
2, sub-MSC09_ses-func09/xfm
2, sub-MSC09_ses-func10/anat/first
2, sub-MSC09_ses-func10/anat/surfaces/conte69
2, sub-MSC09_ses-func10/anat/volumetric
2, sub-MSC09_ses-func10/dwi
2, sub-MSC09_ses-func10/func
2, sub-MSC09_ses-func10/QC/png
2, sub-MSC09_ses-func10/xfm
2, sub-MSC09_ses-struct01/dwi
2, sub-MSC09_ses-struct01/func
2, sub-MSC09_ses-struct01/QC
2, sub-MSC09_ses-struct02/dwi
2, sub-MSC09_ses-struct02/func
2, sub-MSC09_ses-struct02/QC
2, sub-MSC09_ses-struct02/xfm/tmp.bbregister.14101
2, sub-MSC10_ses-func01/anat/first
2, sub-MSC10_ses-func01/anat/surfaces/conte69
2, sub-MSC10_ses-func01/anat/volumetric
2, sub-MSC10_ses-func01/dwi
2, sub-MSC10_ses-func01/func
2, sub-MSC10_ses-func01/QC/png
2, sub-MSC10_ses-func01/xfm
2, sub-MSC10_ses-func02/anat/first
2, sub-MSC10_ses-func02/anat/surfaces/conte69
2, sub-MSC10_ses-func02/anat/volumetric
2, sub-MSC10_ses-func02/dwi
2, sub-MSC10_ses-func02/func
2, sub-MSC10_ses-func02/QC/png
2, sub-MSC10_ses-func02/xfm
2, sub-MSC10_ses-func03/anat/first
2, sub-MSC10_ses-func03/anat/surfaces/conte69
2, sub-MSC10_ses-func03/anat/volumetric
2, sub-MSC10_ses-func03/dwi
2, sub-MSC10_ses-func03/func
2, sub-MSC10_ses-func03/QC/png
2, sub-MSC10_ses-func03/xfm
2, sub-MSC10_ses-func04/anat/first
2, sub-MSC10_ses-func04/anat/surfaces/conte69
2, sub-MSC10_ses-func04/anat/volumetric
2, sub-MSC10_ses-func04/dwi
2, sub-MSC10_ses-func04/func
2, sub-MSC10_ses-func04/QC/png
2, sub-MSC10_ses-func04/xfm
2, sub-MSC10_ses-func05/anat/first
2, sub-MSC10_ses-func05/anat/surfaces/conte69
2, sub-MSC10_ses-func05/anat/volumetric
2, sub-MSC10_ses-func05/dwi
2, sub-MSC10_ses-func05/func
2, sub-MSC10_ses-func05/QC/png
2, sub-MSC10_ses-func05/xfm
2, sub-MSC10_ses-func06/anat/first
2, sub-MSC10_ses-func06/anat/surfaces/conte69
2, sub-MSC10_ses-func06/anat/volumetric
2, sub-MSC10_ses-func06/dwi
2, sub-MSC10_ses-func06/func
2, sub-MSC10_ses-func06/QC/png
2, sub-MSC10_ses-func06/xfm
2, sub-MSC10_ses-func07/anat/first
2, sub-MSC10_ses-func07/anat/surfaces/conte69
2, sub-MSC10_ses-func07/anat/volumetric
2, sub-MSC10_ses-func07/dwi
2, sub-MSC10_ses-func07/func
2, sub-MSC10_ses-func07/QC/png
2, sub-MSC10_ses-func07/xfm
2, sub-MSC10_ses-func08/anat/first
2, sub-MSC10_ses-func08/anat/surfaces/conte69
2, sub-MSC10_ses-func08/anat/volumetric
2, sub-MSC10_ses-func08/dwi
2, sub-MSC10_ses-func08/func
2, sub-MSC10_ses-func08/QC/png
2, sub-MSC10_ses-func08/xfm
2, sub-MSC10_ses-func09/anat/first
2, sub-MSC10_ses-func09/anat/surfaces/conte69
2, sub-MSC10_ses-func09/anat/volumetric
2, sub-MSC10_ses-func09/dwi
2, sub-MSC10_ses-func09/func
2, sub-MSC10_ses-func09/QC/png
2, sub-MSC10_ses-func09/xfm
2, sub-MSC10_ses-func10/anat/first
2, sub-MSC10_ses-func10/anat/surfaces/conte69
2, sub-MSC10_ses-func10/anat/volumetric
2, sub-MSC10_ses-func10/dwi
2, sub-MSC10_ses-func10/func
2, sub-MSC10_ses-func10/QC/png
2, sub-MSC10_ses-func10/xfm
2, sub-MSC10_ses-func11/anat/first
2, sub-MSC10_ses-func11/anat/surfaces/conte69
2, sub-MSC10_ses-func11/anat/volumetric
2, sub-MSC10_ses-func11/dwi
2, sub-MSC10_ses-func11/func
2, sub-MSC10_ses-func11/QC/png
2, sub-MSC10_ses-func11/xfm
2, sub-MSC10_ses-struct01/anat/surfaces/conte69
2, sub-MSC10_ses-struct01/anat/volumetric
2, sub-MSC10_ses-struct01/dwi
2, sub-MSC10_ses-struct01/func
2, sub-MSC10_ses-struct01/QC/png
2, sub-MSC10_ses-struct02/anat/surfaces/conte69
2, sub-MSC10_ses-struct02/anat/volumetric
2, sub-MSC10_ses-struct02/dwi
2, sub-MSC10_ses-struct02/func
2, sub-MSC10_ses-struct02/QC/png
4, sub-MSC01_ses-func01/anat/surfaces
4, sub-MSC01_ses-func01/QC
4, sub-MSC01_ses-func02/anat/surfaces
4, sub-MSC01_ses-func02/QC
4, sub-MSC01_ses-func03/anat/surfaces
4, sub-MSC01_ses-func03/QC
4, sub-MSC01_ses-func04/anat/surfaces
4, sub-MSC01_ses-func04/QC
4, sub-MSC01_ses-func05/anat/surfaces
4, sub-MSC01_ses-func05/QC
4, sub-MSC01_ses-func06/anat/surfaces
4, sub-MSC01_ses-func06/QC
4, sub-MSC01_ses-func07/anat/surfaces
4, sub-MSC01_ses-func07/QC
4, sub-MSC01_ses-func08/anat/surfaces
4, sub-MSC01_ses-func08/QC
4, sub-MSC01_ses-func09/anat/surfaces
4, sub-MSC01_ses-func09/QC
4, sub-MSC01_ses-func10/anat/surfaces
4, sub-MSC01_ses-func10/QC
4, sub-MSC02_ses-func01/anat/surfaces
4, sub-MSC02_ses-func02/anat/surfaces
4, sub-MSC02_ses-func03/anat/surfaces
4, sub-MSC02_ses-func04/anat/surfaces
4, sub-MSC02_ses-func05/anat/surfaces
4, sub-MSC02_ses-func06/anat/surfaces
4, sub-MSC02_ses-func07/anat/surfaces
4, sub-MSC02_ses-func08/anat/surfaces
4, sub-MSC02_ses-func09/anat/surfaces
4, sub-MSC02_ses-func10/anat/surfaces
4, sub-MSC02_ses-func11/anat/surfaces
4, sub-MSC02_ses-func11/QC
4, sub-MSC03_ses-func01/anat/surfaces
4, sub-MSC03_ses-func02/anat/surfaces
4, sub-MSC03_ses-func03/anat/surfaces
4, sub-MSC03_ses-func04/anat/surfaces
4, sub-MSC03_ses-func05/anat/surfaces
4, sub-MSC03_ses-func06/anat/surfaces
4, sub-MSC03_ses-func07/anat/surfaces
4, sub-MSC03_ses-func08/anat/surfaces
4, sub-MSC03_ses-func09/anat/surfaces
4, sub-MSC03_ses-func10/anat/surfaces
4, sub-MSC04_ses-func01/anat/surfaces
4, sub-MSC04_ses-func02/anat/surfaces
4, sub-MSC04_ses-func03/anat/surfaces
4, sub-MSC04_ses-func04/anat/surfaces
4, sub-MSC04_ses-func05/anat/surfaces
4, sub-MSC04_ses-func06/anat/surfaces
4, sub-MSC04_ses-func07/anat/surfaces
4, sub-MSC04_ses-func08/anat/surfaces
4, sub-MSC04_ses-func09/anat/surfaces
4, sub-MSC04_ses-func10/anat/surfaces
4, sub-MSC05_ses-func01/anat/surfaces
4, sub-MSC05_ses-func02/anat/surfaces
4, sub-MSC05_ses-func03/anat/surfaces
4, sub-MSC05_ses-func04/anat/surfaces
4, sub-MSC05_ses-func05/anat/surfaces
4, sub-MSC05_ses-func06/anat/surfaces
4, sub-MSC05_ses-func07/anat/surfaces
4, sub-MSC05_ses-func08/anat/surfaces
4, sub-MSC05_ses-func09/anat/surfaces
4, sub-MSC05_ses-func10/anat/surfaces
4, sub-MSC06_ses-func01/anat/surfaces
4, sub-MSC06_ses-func02/anat/surfaces
4, sub-MSC06_ses-func03/anat/surfaces
4, sub-MSC06_ses-func04/anat/surfaces
4, sub-MSC06_ses-func05/anat/surfaces
4, sub-MSC06_ses-func06/anat/surfaces
4, sub-MSC06_ses-func07/anat/surfaces
4, sub-MSC06_ses-func08/anat/surfaces
4, sub-MSC06_ses-func09/anat/surfaces
4, sub-MSC06_ses-func10/anat/surfaces
4, sub-MSC07_ses-func01/anat/surfaces
4, sub-MSC07_ses-func02/anat/surfaces
4, sub-MSC07_ses-func03/anat/surfaces
4, sub-MSC07_ses-func04/anat/surfaces
4, sub-MSC07_ses-func05/anat/surfaces
4, sub-MSC07_ses-func06/anat/surfaces
4, sub-MSC07_ses-func07/anat/surfaces
4, sub-MSC07_ses-func08/anat/surfaces
4, sub-MSC07_ses-func09/anat/surfaces
4, sub-MSC07_ses-func10/anat/surfaces
4, sub-MSC08_ses-func01/anat/surfaces
4, sub-MSC08_ses-func02/anat/surfaces
4, sub-MSC08_ses-func03/anat/surfaces
4, sub-MSC08_ses-func04/anat/surfaces
4, sub-MSC08_ses-func05/anat/surfaces
4, sub-MSC08_ses-func06/anat/surfaces
4, sub-MSC08_ses-func07/anat/surfaces
4, sub-MSC08_ses-func08/anat/surfaces
4, sub-MSC08_ses-func08/QC
4, sub-MSC08_ses-func09/anat/surfaces
4, sub-MSC08_ses-func09/QC
4, sub-MSC08_ses-func10/anat/surfaces
4, sub-MSC09_ses-func01/anat/surfaces
4, sub-MSC09_ses-func01/QC
4, sub-MSC09_ses-func02/anat/surfaces
4, sub-MSC09_ses-func02/QC
4, sub-MSC09_ses-func03/anat/surfaces
4, sub-MSC09_ses-func03/QC
4, sub-MSC09_ses-func04/anat/surfaces
4, sub-MSC09_ses-func04/QC
4, sub-MSC09_ses-func05/anat/surfaces
4, sub-MSC09_ses-func05/QC
4, sub-MSC09_ses-func06/anat/surfaces
4, sub-MSC09_ses-func06/QC
4, sub-MSC09_ses-func07/anat/surfaces
4, sub-MSC09_ses-func07/QC
4, sub-MSC09_ses-func08/anat/surfaces
4, sub-MSC09_ses-func08/QC
4, sub-MSC09_ses-func09/anat/surfaces
4, sub-MSC09_ses-func09/QC
4, sub-MSC09_ses-func10/anat/surfaces
4, sub-MSC09_ses-func10/QC
4, sub-MSC10_ses-func01/anat/surfaces
4, sub-MSC10_ses-func01/QC
4, sub-MSC10_ses-func02/anat/surfaces
4, sub-MSC10_ses-func02/QC
4, sub-MSC10_ses-func03/anat/surfaces
4, sub-MSC10_ses-func03/QC
4, sub-MSC10_ses-func04/anat/surfaces
4, sub-MSC10_ses-func04/QC
4, sub-MSC10_ses-func05/anat/surfaces
4, sub-MSC10_ses-func05/QC
4, sub-MSC10_ses-func06/anat/surfaces
4, sub-MSC10_ses-func06/QC
4, sub-MSC10_ses-func07/anat/surfaces
4, sub-MSC10_ses-func07/QC
4, sub-MSC10_ses-func08/anat/surfaces
4, sub-MSC10_ses-func08/QC
4, sub-MSC10_ses-func09/anat/surfaces
4, sub-MSC10_ses-func09/QC
4, sub-MSC10_ses-func10/anat/surfaces
4, sub-MSC10_ses-func10/QC
4, sub-MSC10_ses-func11/anat/surfaces
4, sub-MSC10_ses-func11/QC
4, sub-MSC10_ses-struct01/anat/surfaces
4, sub-MSC10_ses-struct01/QC
4, sub-MSC10_ses-struct02/anat/surfaces
4, sub-MSC10_ses-struct02/QC
6, sub-MSC08_ses-func09/func
10, sub-MSC01_ses-func01/anat
10, sub-MSC01_ses-func02/anat
10, sub-MSC01_ses-func03/anat
10, sub-MSC01_ses-func04/anat
10, sub-MSC01_ses-func05/anat
10, sub-MSC01_ses-func06/anat
10, sub-MSC01_ses-func07/anat
10, sub-MSC01_ses-func08/anat
10, sub-MSC01_ses-func09/anat
10, sub-MSC01_ses-func10/anat
10, sub-MSC02_ses-func11/anat
10, sub-MSC08_ses-func09/anat
10, sub-MSC09_ses-func08/anat
10, sub-MSC09_ses-func09/anat
10, sub-MSC09_ses-func10/anat
10, sub-MSC10_ses-func01/anat
10, sub-MSC10_ses-func02/anat
10, sub-MSC10_ses-func03/anat
10, sub-MSC10_ses-func04/anat
10, sub-MSC10_ses-func05/anat
10, sub-MSC10_ses-func06/anat
10, sub-MSC10_ses-func07/anat
10, sub-MSC10_ses-func08/anat
10, sub-MSC10_ses-func09/anat
10, sub-MSC10_ses-func10/anat
10, sub-MSC10_ses-func11/anat
28, sub-MSC02_ses-struct01/QC
29, sub-MSC01_ses-func01/logs
29, sub-MSC01_ses-func02/logs
29, sub-MSC01_ses-func03/logs
29, sub-MSC01_ses-func04/logs
29, sub-MSC01_ses-func05/logs
29, sub-MSC01_ses-func06/logs
29, sub-MSC01_ses-func07/logs
29, sub-MSC01_ses-func08/logs
29, sub-MSC01_ses-func09/logs
29, sub-MSC01_ses-func10/logs
29, sub-MSC02_ses-func11/logs
29, sub-MSC10_ses-func01/logs
29, sub-MSC10_ses-func02/logs
29, sub-MSC10_ses-func03/logs
29, sub-MSC10_ses-func04/logs
29, sub-MSC10_ses-func05/logs
29, sub-MSC10_ses-func06/logs
29, sub-MSC10_ses-func07/logs
29, sub-MSC10_ses-func08/logs
29, sub-MSC10_ses-func09/logs
29, sub-MSC10_ses-func10/logs
29, sub-MSC10_ses-func11/logs
30, sub-MSC02_ses-func01/QC
30, sub-MSC02_ses-func02/QC
30, sub-MSC02_ses-func03/QC
30, sub-MSC02_ses-func04/QC
30, sub-MSC02_ses-func05/QC
30, sub-MSC02_ses-func06/QC
30, sub-MSC02_ses-func07/QC
30, sub-MSC02_ses-func08/QC
30, sub-MSC02_ses-func09/QC
30, sub-MSC02_ses-func10/QC
30, sub-MSC03_ses-func01/QC
30, sub-MSC03_ses-func02/QC
30, sub-MSC03_ses-func03/QC
30, sub-MSC03_ses-func04/QC
30, sub-MSC03_ses-func05/QC
30, sub-MSC03_ses-func06/QC
30, sub-MSC03_ses-func07/QC
30, sub-MSC03_ses-func08/QC
30, sub-MSC03_ses-func09/QC
30, sub-MSC03_ses-func10/QC
30, sub-MSC04_ses-func01/QC
30, sub-MSC04_ses-func02/QC
30, sub-MSC04_ses-func03/QC
30, sub-MSC04_ses-func04/QC
30, sub-MSC04_ses-func05/QC
30, sub-MSC04_ses-func06/QC
30, sub-MSC04_ses-func07/QC
30, sub-MSC04_ses-func08/QC
30, sub-MSC04_ses-func09/QC
30, sub-MSC04_ses-func10/QC
30, sub-MSC05_ses-func01/QC
30, sub-MSC05_ses-func02/QC
30, sub-MSC05_ses-func03/QC
30, sub-MSC05_ses-func04/QC
30, sub-MSC05_ses-func05/QC
30, sub-MSC05_ses-func06/QC
30, sub-MSC05_ses-func07/QC
30, sub-MSC05_ses-func08/QC
30, sub-MSC05_ses-func09/QC
30, sub-MSC05_ses-func10/QC
30, sub-MSC06_ses-func01/QC
30, sub-MSC06_ses-func02/QC
30, sub-MSC06_ses-func03/QC
30, sub-MSC06_ses-func04/QC
30, sub-MSC06_ses-func05/QC
30, sub-MSC06_ses-func06/QC
30, sub-MSC06_ses-func07/QC
30, sub-MSC06_ses-func08/QC
30, sub-MSC06_ses-func09/QC
30, sub-MSC06_ses-func10/QC
30, sub-MSC07_ses-func01/QC
30, sub-MSC07_ses-func02/QC
30, sub-MSC07_ses-func03/QC
30, sub-MSC07_ses-func04/QC
30, sub-MSC07_ses-func05/QC
30, sub-MSC07_ses-func06/QC
30, sub-MSC07_ses-func07/QC
30, sub-MSC07_ses-func08/QC
30, sub-MSC07_ses-func09/QC
30, sub-MSC07_ses-func10/QC
30, sub-MSC08_ses-func01/QC
30, sub-MSC08_ses-func02/QC
30, sub-MSC08_ses-func03/QC
30, sub-MSC08_ses-func04/QC
30, sub-MSC08_ses-func05/QC
30, sub-MSC08_ses-func06/QC
30, sub-MSC08_ses-func07/QC
30, sub-MSC08_ses-func10/QC
51, sub-MSC01_ses-func01
51, sub-MSC01_ses-func02
51, sub-MSC01_ses-func03
51, sub-MSC01_ses-func04
51, sub-MSC01_ses-func05
51, sub-MSC01_ses-func06
51, sub-MSC01_ses-func07
51, sub-MSC01_ses-func08
51, sub-MSC01_ses-func09
51, sub-MSC01_ses-func10
51, sub-MSC02_ses-func11
51, sub-MSC10_ses-func01
51, sub-MSC10_ses-func02
51, sub-MSC10_ses-func03
51, sub-MSC10_ses-func04
51, sub-MSC10_ses-func05
51, sub-MSC10_ses-func06
51, sub-MSC10_ses-func07
51, sub-MSC10_ses-func08
51, sub-MSC10_ses-func09
51, sub-MSC10_ses-func10
51, sub-MSC10_ses-func11
61, sub-MSC09_ses-func08/logs
61, sub-MSC09_ses-func09/logs
61, sub-MSC09_ses-func10/logs
80, sub-MSC08_ses-func09/logs
83, sub-MSC09_ses-func08
83, sub-MSC09_ses-func09
83, sub-MSC09_ses-func10
170, sub-MSC08_ses-func09
536, sub-MSC09_ses-func04/logs
536, sub-MSC09_ses-func05/logs
544, sub-MSC08_ses-func07/logs
544, sub-MSC09_ses-func06/logs
544, sub-MSC09_ses-func07/logs
552, sub-MSC02_ses-func03/logs
552, sub-MSC02_ses-func04/logs
552, sub-MSC03_ses-func04/logs
552, sub-MSC03_ses-func05/logs
552, sub-MSC03_ses-func07/logs
552, sub-MSC03_ses-func08/logs
552, sub-MSC04_ses-func05/logs
552, sub-MSC05_ses-func02/logs
552, sub-MSC05_ses-func06/logs
552, sub-MSC05_ses-func08/logs
552, sub-MSC05_ses-func09/logs
552, sub-MSC06_ses-func01/logs
552, sub-MSC06_ses-func05/logs
552, sub-MSC06_ses-func06/logs
552, sub-MSC08_ses-func06/logs
560, sub-MSC02_ses-func07/logs
560, sub-MSC02_ses-func08/logs
560, sub-MSC02_ses-func10/logs
560, sub-MSC03_ses-func01/logs
560, sub-MSC03_ses-func02/logs
560, sub-MSC03_ses-func03/logs
560, sub-MSC03_ses-func06/logs
560, sub-MSC03_ses-func10/logs
560, sub-MSC04_ses-func01/logs
560, sub-MSC04_ses-func06/logs
560, sub-MSC05_ses-func01/logs
560, sub-MSC05_ses-func03/logs
560, sub-MSC05_ses-func05/logs
560, sub-MSC06_ses-func03/logs
560, sub-MSC06_ses-func04/logs
560, sub-MSC06_ses-func07/logs
560, sub-MSC06_ses-func09/logs
560, sub-MSC07_ses-func09/logs
560, sub-MSC08_ses-func03/logs
560, sub-MSC09_ses-func01/logs
568, sub-MSC02_ses-func09/logs
568, sub-MSC04_ses-func04/logs
568, sub-MSC04_ses-func10/logs
568, sub-MSC05_ses-func04/logs
568, sub-MSC06_ses-func02/logs
576, sub-MSC03_ses-func09/logs
576, sub-MSC09_ses-func02/logs
592, sub-MSC08_ses-func08/logs
600, sub-MSC02_ses-func02/logs
600, sub-MSC04_ses-func03/logs
600, sub-MSC07_ses-func07/logs
608, sub-MSC02_ses-func05/logs
608, sub-MSC05_ses-func07/logs
608, sub-MSC06_ses-func10/logs
608, sub-MSC07_ses-func03/logs
608, sub-MSC07_ses-func04/logs
608, sub-MSC08_ses-func01/logs
608, sub-MSC08_ses-func05/logs
608, sub-MSC08_ses-func10/logs
616, sub-MSC04_ses-func08/logs
616, sub-MSC04_ses-func09/logs
616, sub-MSC05_ses-func10/logs
616, sub-MSC07_ses-func01/logs
616, sub-MSC07_ses-func02/logs
616, sub-MSC07_ses-func10/logs
616, sub-MSC08_ses-func02/logs
619, sub-MSC02_ses-func01/logs
624, sub-MSC07_ses-func06/logs
632, sub-MSC04_ses-func02/logs
632, sub-MSC06_ses-func08/logs
640, sub-MSC02_ses-func06/logs
640, sub-MSC07_ses-func08/logs
640, sub-MSC08_ses-func04/logs
656, sub-MSC04_ses-func07/logs
672, sub-MSC09_ses-func03/logs
736, sub-MSC07_ses-func05/logs
1083, sub-MSC10_ses-struct02/logs
1184, sub-MSC10_ses-struct01/logs
2213, sub-MSC01_ses-struct02/QC
3655, sub-MSC10_ses-struct01/anat/first
3655, sub-MSC10_ses-struct02/anat/first
3671, sub-MSC03_ses-struct01/anat/first
3671, sub-MSC03_ses-struct02/anat/first
3671, sub-MSC07_ses-struct01/anat/first
3671, sub-MSC08_ses-struct01/anat/first
3671, sub-MSC08_ses-struct02/anat/first
3679, sub-MSC01_ses-struct02/anat/first
3679, sub-MSC04_ses-struct01/anat/first
3679, sub-MSC04_ses-struct02/anat/first
3679, sub-MSC05_ses-struct01/anat/first
3679, sub-MSC05_ses-struct02/anat/first
3679, sub-MSC06_ses-struct01/anat/first
3679, sub-MSC06_ses-struct02/anat/first
3679, sub-MSC07_ses-struct02/anat/first
3679, sub-MSC09_ses-struct01/anat/first
3679, sub-MSC09_ses-struct02/anat/first
3703, sub-MSC02_ses-struct01/anat/first
3703, sub-MSC02_ses-struct02/anat/first
3791, sub-MSC02_ses-struct02/logs
3799, sub-MSC08_ses-struct02/logs
3815, sub-MSC07_ses-struct01/logs
3825, sub-MSC03_ses-struct01/logs
3831, sub-MSC07_ses-struct02/logs
3847, sub-MSC08_ses-struct01/logs
3857, sub-MSC04_ses-struct02/logs
3863, sub-MSC05_ses-struct01/logs
3865, sub-MSC04_ses-struct01/logs
3871, sub-MSC03_ses-struct02/logs
3881, sub-MSC05_ses-struct02/logs
3881, sub-MSC06_ses-struct02/logs
3903, sub-MSC09_ses-struct01/logs
3943, sub-MSC09_ses-struct02/logs
4041, sub-MSC06_ses-struct01/logs
4265, sub-MSC01_ses-struct01/logs
4316, sub-MSC01_ses-struct02/logs
4356, sub-MSC02_ses-struct01/logs
9112, sub-MSC04_ses-struct01/anat/surfaces/morphology
9160, sub-MSC04_ses-struct02/anat/surfaces/morphology
9256, sub-MSC03_ses-struct02/anat/surfaces/morphology
9304, sub-MSC03_ses-struct01/anat/surfaces/morphology
9408, sub-MSC07_ses-struct01/anat/surfaces/morphology
9472, sub-MSC07_ses-struct02/anat/surfaces/morphology
9544, sub-MSC02_ses-struct01/anat/surfaces/morphology
9584, sub-MSC02_ses-struct02/anat/surfaces/morphology
9616, sub-MSC08_ses-struct01/anat/surfaces/morphology
9688, sub-MSC06_ses-struct02/anat/surfaces/morphology
9712, sub-MSC08_ses-struct02/anat/surfaces/morphology
9768, sub-MSC05_ses-struct02/anat/surfaces/morphology
9776, sub-MSC01_ses-struct02/anat/surfaces/morphology
9792, sub-MSC06_ses-struct01/anat/surfaces/morphology
9912, sub-MSC09_ses-struct01/anat/surfaces/morphology
9920, sub-MSC05_ses-struct01/anat/surfaces/morphology
10088, sub-MSC09_ses-struct02/anat/surfaces/morphology
11088, sub-MSC01_ses-struct01/anat/first
14288, sub-MSC04_ses-struct02/anat/volumetric
14528, sub-MSC03_ses-struct01/anat/volumetric
14552, sub-MSC04_ses-struct01/anat/volumetric
14592, sub-MSC03_ses-struct02/anat/volumetric
14688, sub-MSC07_ses-struct01/anat/volumetric
14688, sub-MSC08_ses-struct01/anat/volumetric
14976, sub-MSC07_ses-struct02/anat/volumetric
15008, sub-MSC01_ses-struct01/anat/volumetric
15056, sub-MSC08_ses-struct02/anat/volumetric
15072, sub-MSC02_ses-struct02/anat/volumetric
15096, sub-MSC02_ses-struct01/anat/volumetric
15240, sub-MSC06_ses-struct02/anat/volumetric
15400, sub-MSC01_ses-struct02/anat/volumetric
15400, sub-MSC05_ses-struct02/anat/volumetric
15480, sub-MSC06_ses-struct01/anat/volumetric
15824, sub-MSC05_ses-struct01/anat/volumetric
15944, sub-MSC09_ses-struct01/anat/volumetric
16208, sub-MSC09_ses-struct02/anat/volumetric
17998, sub-MSC04_ses-struct02/anat/surfaces/conte69
18166, sub-MSC04_ses-struct01/anat/surfaces/conte69
18605, sub-MSC07_ses-func05/anat
18773, sub-MSC04_ses-func09/anat
18790, sub-MSC03_ses-struct01/anat/surfaces/conte69
18821, sub-MSC04_ses-func07/anat
18830, sub-MSC03_ses-struct02/anat/surfaces/conte69
18869, sub-MSC04_ses-func08/anat
18965, sub-MSC04_ses-func01/anat
18965, sub-MSC04_ses-func03/anat
18973, sub-MSC04_ses-func06/anat
18989, sub-MSC04_ses-func05/anat
19005, sub-MSC04_ses-func10/anat
19013, sub-MSC04_ses-func04/anat
19133, sub-MSC03_ses-func07/anat
19141, sub-MSC03_ses-func03/anat
19141, sub-MSC03_ses-func04/anat
19165, sub-MSC04_ses-func02/anat
19173, sub-MSC03_ses-func08/anat
19189, sub-MSC03_ses-func05/anat
19214, sub-MSC07_ses-struct01/anat/surfaces/conte69
19221, sub-MSC03_ses-func02/anat
19229, sub-MSC03_ses-func01/anat
19237, sub-MSC03_ses-func10/anat
19277, sub-MSC03_ses-func06/anat
19469, sub-MSC03_ses-func09/anat
19542, sub-MSC07_ses-struct02/anat/surfaces/conte69
19822, sub-MSC08_ses-struct01/anat/surfaces/conte69
19870, sub-MSC02_ses-struct01/anat/surfaces/conte69
19886, sub-MSC02_ses-struct02/anat/surfaces/conte69
19958, sub-MSC06_ses-struct02/anat/surfaces/conte69
20246, sub-MSC08_ses-struct02/anat/surfaces/conte69
20326, sub-MSC01_ses-struct02/anat/surfaces/conte69
20422, sub-MSC06_ses-struct01/anat/surfaces/conte69
20437, sub-MSC08_ses-func08/anat
20477, sub-MSC07_ses-func10/anat
20493, sub-MSC08_ses-func07/anat
20509, sub-MSC07_ses-func06/anat
20517, sub-MSC07_ses-func07/anat
20526, sub-MSC05_ses-struct02/anat/surfaces/conte69
20533, sub-MSC07_ses-func02/anat
20541, sub-MSC07_ses-func09/anat
20549, sub-MSC08_ses-func10/anat
20565, sub-MSC07_ses-func04/anat
20565, sub-MSC08_ses-func02/anat
20605, sub-MSC07_ses-func03/anat
20637, sub-MSC08_ses-func01/anat
20645, sub-MSC07_ses-func01/anat
20653, sub-MSC08_ses-func03/anat
20693, sub-MSC08_ses-func05/anat
20701, sub-MSC08_ses-func06/anat
20709, sub-MSC08_ses-func04/anat
20725, sub-MSC07_ses-func08/anat
20918, sub-MSC05_ses-struct01/anat/surfaces/conte69
20958, sub-MSC09_ses-struct01/anat/surfaces/conte69
21574, sub-MSC09_ses-struct02/anat/surfaces/conte69
22069, sub-MSC06_ses-func09/anat
22085, sub-MSC09_ses-func03/anat
22093, sub-MSC06_ses-func07/anat
22101, sub-MSC06_ses-func02/anat
22109, sub-MSC06_ses-func08/anat
22125, sub-MSC06_ses-func01/anat
22125, sub-MSC06_ses-func03/anat
22261, sub-MSC06_ses-func06/anat
22293, sub-MSC06_ses-func10/anat
22365, sub-MSC06_ses-func04/anat
22365, sub-MSC06_ses-func05/anat
23757, sub-MSC02_ses-func07/anat
23765, sub-MSC02_ses-func01/anat
23805, sub-MSC02_ses-func09/anat
23845, sub-MSC05_ses-func05/anat
23853, sub-MSC02_ses-func03/anat
23877, sub-MSC02_ses-func10/anat
23877, sub-MSC05_ses-func06/anat
23901, sub-MSC02_ses-func04/anat
23909, sub-MSC02_ses-func08/anat
23917, sub-MSC05_ses-func09/anat
23949, sub-MSC05_ses-func10/anat
23973, sub-MSC02_ses-func05/anat
24037, sub-MSC02_ses-func02/anat
24037, sub-MSC02_ses-func06/anat
24045, sub-MSC05_ses-func02/anat
24061, sub-MSC05_ses-func08/anat
24069, sub-MSC05_ses-func01/anat
24093, sub-MSC05_ses-func07/anat
24157, sub-MSC05_ses-func04/anat
24349, sub-MSC05_ses-func03/anat
24837, sub-MSC09_ses-func04/anat
24845, sub-MSC09_ses-func05/anat
24853, sub-MSC09_ses-func06/anat
24877, sub-MSC09_ses-func01/anat
24877, sub-MSC09_ses-func02/anat
24973, sub-MSC09_ses-func07/anat
47436, sub-MSC01_ses-struct01/anat/surfaces/conte69
83461, sub-MSC04_ses-struct01/anat/surfaces/geo_dist
83493, sub-MSC03_ses-struct02/anat/surfaces/geo_dist
83501, sub-MSC03_ses-struct01/anat/surfaces/geo_dist
83509, sub-MSC04_ses-struct02/anat/surfaces/geo_dist
83557, sub-MSC08_ses-struct01/anat/surfaces/geo_dist
83565, sub-MSC02_ses-struct02/anat/surfaces/geo_dist
83565, sub-MSC06_ses-struct02/anat/surfaces/geo_dist
83565, sub-MSC07_ses-struct01/anat/surfaces/geo_dist
83565, sub-MSC08_ses-struct02/anat/surfaces/geo_dist
83605, sub-MSC05_ses-struct02/anat/surfaces/geo_dist
83605, sub-MSC07_ses-struct02/anat/surfaces/geo_dist
83621, sub-MSC05_ses-struct01/anat/surfaces/geo_dist
83629, sub-MSC06_ses-struct01/anat/surfaces/geo_dist
83645, sub-MSC02_ses-struct01/anat/surfaces/geo_dist
83653, sub-MSC01_ses-struct02/anat/surfaces/geo_dist
83653, sub-MSC09_ses-struct01/anat/surfaces/geo_dist
83701, sub-MSC09_ses-struct02/anat/surfaces/geo_dist
86631, sub-MSC04_ses-func06/xfm
86687, sub-MSC04_ses-func01/xfm
86735, sub-MSC04_ses-func08/xfm
86831, sub-MSC04_ses-func09/xfm
87143, sub-MSC04_ses-func04/xfm
87143, sub-MSC04_ses-func07/xfm
87279, sub-MSC04_ses-func03/xfm
87567, sub-MSC04_ses-func10/xfm
87583, sub-MSC03_ses-func03/xfm
87655, sub-MSC03_ses-func09/xfm
87671, sub-MSC04_ses-func05/xfm
87695, sub-MSC03_ses-func04/xfm
87767, sub-MSC03_ses-func06/xfm
87775, sub-MSC03_ses-func01/xfm
87799, sub-MSC03_ses-func02/xfm
87815, sub-MSC03_ses-func08/xfm
87879, sub-MSC03_ses-func07/xfm
87879, sub-MSC04_ses-func02/xfm
87903, sub-MSC03_ses-func05/xfm
88127, sub-MSC03_ses-func10/xfm
89799, sub-MSC07_ses-func07/xfm
89839, sub-MSC07_ses-func06/xfm
89887, sub-MSC07_ses-func10/xfm
89919, sub-MSC07_ses-func08/xfm
90015, sub-MSC07_ses-func05/xfm
90031, sub-MSC07_ses-func02/xfm
90071, sub-MSC07_ses-func01/xfm
90447, sub-MSC07_ses-func09/xfm
90471, sub-MSC07_ses-func03/xfm
90695, sub-MSC08_ses-func01/xfm
90735, sub-MSC08_ses-func06/xfm
90823, sub-MSC08_ses-func05/xfm
90975, sub-MSC08_ses-func07/xfm
90983, sub-MSC07_ses-func04/xfm
90999, sub-MSC08_ses-func10/xfm
91095, sub-MSC08_ses-func08/xfm
91207, sub-MSC08_ses-func03/xfm
91407, sub-MSC08_ses-func04/xfm
91527, sub-MSC06_ses-func03/xfm
91559, sub-MSC06_ses-func10/xfm
91655, sub-MSC06_ses-func09/xfm
91711, sub-MSC06_ses-func02/xfm
91727, sub-MSC06_ses-func04/xfm
91743, sub-MSC06_ses-func06/xfm
91759, sub-MSC08_ses-func02/xfm
91767, sub-MSC06_ses-func01/xfm
91999, sub-MSC06_ses-func08/xfm
92015, sub-MSC06_ses-func05/xfm
92239, sub-MSC06_ses-func07/xfm
93855, sub-MSC02_ses-func07/xfm
94119, sub-MSC02_ses-func10/xfm
94143, sub-MSC02_ses-func01/xfm
94247, sub-MSC02_ses-func03/xfm
94303, sub-MSC02_ses-func06/xfm
94311, sub-MSC02_ses-func09/xfm
94375, sub-MSC02_ses-func02/xfm
94423, sub-MSC02_ses-func08/xfm
94463, sub-MSC05_ses-func06/xfm
94503, sub-MSC02_ses-func04/xfm
94687, sub-MSC05_ses-func09/xfm
94703, sub-MSC05_ses-func05/xfm
94815, sub-MSC05_ses-func04/xfm
94831, sub-MSC05_ses-func02/xfm
94847, sub-MSC05_ses-func01/xfm
95023, sub-MSC05_ses-func08/xfm
95079, sub-MSC05_ses-func03/xfm
95103, sub-MSC05_ses-func07/xfm
95263, sub-MSC05_ses-func10/xfm
95303, sub-MSC02_ses-func05/xfm
96191, sub-MSC09_ses-func03/xfm
96303, sub-MSC09_ses-func06/xfm
96319, sub-MSC09_ses-func04/xfm
96319, sub-MSC09_ses-func05/xfm
96327, sub-MSC09_ses-func07/xfm
96415, sub-MSC09_ses-func02/xfm
96471, sub-MSC09_ses-func01/xfm
101824, sub-MSC04_ses-struct02/anat/surfaces/micro_profiles
102184, sub-MSC04_ses-struct01/anat/surfaces/micro_profiles
102864, sub-MSC03_ses-struct01/anat/surfaces/micro_profiles
102872, sub-MSC03_ses-struct02/anat/surfaces/micro_profiles
103504, sub-MSC07_ses-struct01/anat/surfaces/micro_profiles
104280, sub-MSC07_ses-struct02/anat/surfaces/micro_profiles
104840, sub-MSC08_ses-struct01/anat/surfaces/micro_profiles
104888, sub-MSC02_ses-struct01/anat/surfaces/micro_profiles
105008, sub-MSC02_ses-struct02/anat/surfaces/micro_profiles
105152, sub-MSC06_ses-struct02/anat/surfaces/micro_profiles
105784, sub-MSC08_ses-struct02/anat/surfaces/micro_profiles
106024, sub-MSC06_ses-struct01/anat/surfaces/micro_profiles
106088, sub-MSC01_ses-struct02/anat/surfaces/micro_profiles
106392, sub-MSC05_ses-struct02/anat/surfaces/micro_profiles
107528, sub-MSC09_ses-struct01/anat/surfaces/micro_profiles
107544, sub-MSC05_ses-struct01/anat/surfaces/micro_profiles
108592, sub-MSC09_ses-struct02/anat/surfaces/micro_profiles
138821, sub-MSC10_ses-struct02/anat
141461, sub-MSC10_ses-struct01/anat
212493, sub-MSC04_ses-struct02/anat/surfaces
212925, sub-MSC04_ses-struct01/anat/surfaces
214453, sub-MSC03_ses-struct02/anat/surfaces
214461, sub-MSC03_ses-struct01/anat/surfaces
215693, sub-MSC07_ses-struct01/anat/surfaces
216901, sub-MSC07_ses-struct02/anat/surfaces
217837, sub-MSC08_ses-struct01/anat/surfaces
217949, sub-MSC02_ses-struct01/anat/surfaces
218045, sub-MSC02_ses-struct02/anat/surfaces
218365, sub-MSC06_ses-struct02/anat/surfaces
219309, sub-MSC08_ses-struct02/anat/surfaces
219845, sub-MSC01_ses-struct02/anat/surfaces
219869, sub-MSC06_ses-struct01/anat/surfaces
220293, sub-MSC05_ses-struct02/anat/surfaces
222005, sub-MSC05_ses-struct01/anat/surfaces
222053, sub-MSC09_ses-struct01/anat/surfaces
223957, sub-MSC09_ses-struct02/anat/surfaces
462431, sub-MSC04_ses-struct02/anat
462711, sub-MSC08_ses-struct02/anat
467319, sub-MSC03_ses-struct02/anat
468319, sub-MSC08_ses-struct01/anat
468967, sub-MSC07_ses-struct02/anat
469023, sub-MSC04_ses-struct01/anat
471799, sub-MSC03_ses-struct01/anat
475319, sub-MSC06_ses-struct02/anat
477751, sub-MSC07_ses-struct01/anat
478975, sub-MSC06_ses-struct01/anat
480951, sub-MSC05_ses-struct02/anat
482431, sub-MSC01_ses-struct02/anat
483623, sub-MSC09_ses-struct02/anat
484623, sub-MSC02_ses-struct02/anat
485767, sub-MSC09_ses-struct01/anat
492119, sub-MSC05_ses-struct01/anat
509818, sub-MSC02_ses-struct01/anat
743945, sub-MSC01_ses-struct01/anat/surfaces
979380, sub-MSC09_ses-func07/func/surfaces
1101514, sub-MSC10_ses-struct02/xfm
1106055, sub-MSC01_ses-struct01/anat
1107442, sub-MSC10_ses-struct01/xfm
1171603, sub-MSC03_ses-func03/func/volumetric
1174579, sub-MSC03_ses-func08/func/volumetric
1174643, sub-MSC03_ses-func02/func/volumetric
1174858, sub-MSC03_ses-func09/func/volumetric
1175059, sub-MSC03_ses-func01/func/volumetric
1175187, sub-MSC03_ses-func04/func/volumetric
1175594, sub-MSC03_ses-func05/func/volumetric
1175971, sub-MSC03_ses-func06/func/volumetric
1176803, sub-MSC04_ses-func01/func/volumetric
1177178, sub-MSC03_ses-func07/func/volumetric
1179059, sub-MSC03_ses-func10/func/volumetric
1180187, sub-MSC04_ses-func07/func/volumetric
1180675, sub-MSC04_ses-func05/func/volumetric
1182267, sub-MSC04_ses-func06/func/volumetric
1182931, sub-MSC04_ses-func08/func/volumetric
1183059, sub-MSC04_ses-func10/func/volumetric
1184195, sub-MSC04_ses-func04/func/volumetric
1184579, sub-MSC04_ses-func03/func/volumetric
1185299, sub-MSC04_ses-func02/func/volumetric
1185787, sub-MSC08_ses-func03/func/volumetric
1185979, sub-MSC06_ses-func07/func/volumetric
1186252, sub-MSC08_ses-func08/func/volumetric
1187403, sub-MSC08_ses-func07/func/volumetric
1188163, sub-MSC04_ses-func09/func/volumetric
1188187, sub-MSC06_ses-func02/func/volumetric
1188467, sub-MSC08_ses-func05/func/volumetric
1188483, sub-MSC06_ses-func03/func/volumetric
1188690, sub-MSC06_ses-func04/func/volumetric
1189507, sub-MSC06_ses-func08/func/volumetric
1189531, sub-MSC06_ses-func05/func/volumetric
1189787, sub-MSC06_ses-func10/func/volumetric
1190411, sub-MSC08_ses-func10/func/volumetric
1190987, sub-MSC05_ses-func04/func/volumetric
1191227, sub-MSC06_ses-func06/func/volumetric
1191259, sub-MSC08_ses-func06/func/volumetric
1191763, sub-MSC08_ses-func04/func/volumetric
1192027, sub-MSC05_ses-func01/func/volumetric
1192347, sub-MSC06_ses-func09/func/volumetric
1192555, sub-MSC06_ses-func01/func/volumetric
1192643, sub-MSC08_ses-func02/func/volumetric
1193027, sub-MSC07_ses-func04/func/volumetric
1193251, sub-MSC07_ses-func03/func/volumetric
1193435, sub-MSC07_ses-func07/func/volumetric
1194035, sub-MSC08_ses-func01/func/volumetric
1194051, sub-MSC05_ses-func03/func/volumetric
1194715, sub-MSC05_ses-func05/func/volumetric
1195027, sub-MSC02_ses-func02/func/volumetric
1195051, sub-MSC02_ses-func10/func/volumetric
1195491, sub-MSC07_ses-func09/func/volumetric
1195835, sub-MSC02_ses-func07/func/volumetric
1196307, sub-MSC07_ses-func10/func/volumetric
1196419, sub-MSC05_ses-func02/func/volumetric
1196595, sub-MSC07_ses-func08/func/volumetric
1196819, sub-MSC02_ses-func09/func/volumetric
1197043, sub-MSC07_ses-func02/func/volumetric
1197299, sub-MSC02_ses-func03/func/volumetric
1197363, sub-MSC05_ses-func09/func/volumetric
1197371, sub-MSC07_ses-func06/func/volumetric
1197491, sub-MSC07_ses-func01/func/volumetric
1197771, sub-MSC02_ses-func08/func/volumetric
1198243, sub-MSC07_ses-func05/func/volumetric
1198323, sub-MSC02_ses-func01/func/volumetric
1198443, sub-MSC05_ses-func06/func/volumetric
1198563, sub-MSC02_ses-func04/func/volumetric
1198747, sub-MSC02_ses-struct01/func/volumetric
1199212, sub-MSC09_ses-func02/func/volumetric
1199468, sub-MSC09_ses-func01/func/volumetric
1199499, sub-MSC05_ses-func10/func/volumetric
1199763, sub-MSC05_ses-func08/func/volumetric
1200115, sub-MSC02_ses-func06/func/volumetric
1200348, sub-MSC09_ses-func05/func/volumetric
1200555, sub-MSC02_ses-func05/func/volumetric
1200965, sub-MSC08_ses-struct02/xfm
1201252, sub-MSC09_ses-func04/func/volumetric
1201595, sub-MSC05_ses-func07/func/volumetric
1202276, sub-MSC09_ses-func06/func/volumetric
1202468, sub-MSC09_ses-func03/func/volumetric
1202740, sub-MSC09_ses-func07/func/volumetric
1241460, sub-MSC10_ses-struct02
1243405, sub-MSC04_ses-struct02/xfm
1250077, sub-MSC06_ses-struct02/xfm
1250129, sub-MSC10_ses-struct01
1252333, sub-MSC07_ses-struct01/xfm
1254661, sub-MSC07_ses-struct02/xfm
1257912, sub-MSC09_ses-struct02/xfm
1258221, sub-MSC05_ses-struct02/xfm
1261325, sub-MSC09_ses-struct01/xfm
1265869, sub-MSC04_ses-struct01/xfm
1268245, sub-MSC03_ses-struct02/xfm
1274205, sub-MSC02_ses-struct02/xfm
1279765, sub-MSC03_ses-struct01/xfm
1284173, sub-MSC01_ses-struct02/xfm
1288741, sub-MSC05_ses-struct01/xfm
1421969, sub-MSC08_ses-struct01/xfm
1455929, sub-MSC06_ses-struct01/xfm
1667546, sub-MSC08_ses-struct02
1709764, sub-MSC04_ses-struct02
1727530, sub-MSC07_ses-struct02
1729348, sub-MSC06_ses-struct02
1733970, sub-MSC07_ses-struct01
1738828, sub-MSC04_ses-struct01
1739506, sub-MSC03_ses-struct02
1743124, sub-MSC05_ses-struct02
1745550, sub-MSC09_ses-struct02
1751066, sub-MSC09_ses-struct01
1755460, sub-MSC03_ses-struct01
1762690, sub-MSC02_ses-struct02
1773202, sub-MSC01_ses-struct02
1784794, sub-MSC05_ses-struct01
1894207, sub-MSC08_ses-struct01
1939016, sub-MSC06_ses-struct01
2137338, sub-MSC02_ses-struct01/xfm
2182121, sub-MSC09_ses-func07/func
2304037, sub-MSC09_ses-func07
2305337, sub-MSC01_ses-struct01/xfm
2492184, sub-MSC10
3314917, sub-MSC09_ses-func06/func/surfaces
3415696, sub-MSC01_ses-struct01
3430758, sub-MSC09_ses-func01/func/surfaces
4517194, sub-MSC09_ses-func06/func
4630228, sub-MSC09_ses-func01/func
4638966, sub-MSC09_ses-func06
4752208, sub-MSC09_ses-func01
5189442, sub-MSC01
5354552, sub-MSC09_ses-func03/func/surfaces
5354840, sub-MSC09_ses-func02/func/surfaces
5354888, sub-MSC09_ses-func05/func/surfaces
5354936, sub-MSC09_ses-func04/func/surfaces
5942172, sub-MSC08_ses-func08/func/surfaces
6491355, sub-MSC04_ses-func03/func/surfaces
6491707, sub-MSC04_ses-func09/func/surfaces
6491763, sub-MSC04_ses-func05/func/surfaces
6491811, sub-MSC04_ses-func02/func/surfaces
6491835, sub-MSC04_ses-func04/func/surfaces
6491939, sub-MSC04_ses-func07/func/surfaces
6491955, sub-MSC04_ses-func01/func/surfaces
6492171, sub-MSC04_ses-func08/func/surfaces
6492187, sub-MSC04_ses-func06/func/surfaces
6492259, sub-MSC04_ses-func10/func/surfaces
6554053, sub-MSC09_ses-func02/func
6555237, sub-MSC09_ses-func05/func
6556189, sub-MSC09_ses-func04/func
6557021, sub-MSC09_ses-func03/func
6632979, sub-MSC03_ses-func08/func/surfaces
6633011, sub-MSC03_ses-func01/func/surfaces
6633147, sub-MSC03_ses-func09/func/surfaces
6633163, sub-MSC03_ses-func03/func/surfaces
6633171, sub-MSC03_ses-func07/func/surfaces
6633243, sub-MSC03_ses-func04/func/surfaces
6633291, sub-MSC03_ses-func10/func/surfaces
6633443, sub-MSC03_ses-func06/func/surfaces
6633547, sub-MSC03_ses-func02/func/surfaces
6633891, sub-MSC03_ses-func05/func/surfaces
6675993, sub-MSC09_ses-func02
6676041, sub-MSC09_ses-func03
6677009, sub-MSC09_ses-func05
6677953, sub-MSC09_ses-func04
6752939, sub-MSC07_ses-func10/func/surfaces
6753291, sub-MSC07_ses-func01/func/surfaces
6753603, sub-MSC07_ses-func08/func/surfaces
6753811, sub-MSC07_ses-func09/func/surfaces
6753875, sub-MSC07_ses-func03/func/surfaces
6753939, sub-MSC07_ses-func07/func/surfaces
6754035, sub-MSC07_ses-func02/func/surfaces
6754171, sub-MSC07_ses-func05/func/surfaces
6754195, sub-MSC07_ses-func04/func/surfaces
6755107, sub-MSC07_ses-func06/func/surfaces
6861642, sub-MSC08_ses-func06/func/surfaces
6861938, sub-MSC08_ses-func07/func/surfaces
6861978, sub-MSC08_ses-func10/func/surfaces
6863597, sub-MSC08_ses-func05/func/surfaces
7050851, sub-MSC08_ses-func01/func/surfaces
7051683, sub-MSC08_ses-func03/func/surfaces
7052435, sub-MSC08_ses-func02/func/surfaces
7053211, sub-MSC08_ses-func04/func/surfaces
7059979, sub-MSC02_ses-func01/func/surfaces
7064595, sub-MSC02_ses-func08/func/surfaces
7064611, sub-MSC02_ses-func02/func/surfaces
7065155, sub-MSC02_ses-func06/func/surfaces
7065315, sub-MSC02_ses-func04/func/surfaces
7065347, sub-MSC02_ses-func03/func/surfaces
7065459, sub-MSC02_ses-func05/func/surfaces
7065475, sub-MSC02_ses-func09/func/surfaces
7065531, sub-MSC02_ses-func10/func/surfaces
7065771, sub-MSC02_ses-func07/func/surfaces
7128426, sub-MSC08_ses-func08/func
7163499, sub-MSC02_ses-struct01/func/surfaces
7240622, sub-MSC08_ses-func08
7322395, sub-MSC06_ses-func08/func/surfaces
7332211, sub-MSC06_ses-func07/func/surfaces
7332347, sub-MSC06_ses-func01/func/surfaces
7332363, sub-MSC06_ses-func06/func/surfaces
7332435, sub-MSC06_ses-func09/func/surfaces
7332459, sub-MSC06_ses-func03/func/surfaces
7332483, sub-MSC06_ses-func05/func/surfaces
7332531, sub-MSC06_ses-func10/func/surfaces
7332659, sub-MSC06_ses-func02/func/surfaces
7332707, sub-MSC06_ses-func04/func/surfaces
7568579, sub-MSC05_ses-func01/func/surfaces
7568763, sub-MSC05_ses-func03/func/surfaces
7568923, sub-MSC05_ses-func06/func/surfaces
7569027, sub-MSC05_ses-func02/func/surfaces
7569123, sub-MSC05_ses-func05/func/surfaces
7569147, sub-MSC05_ses-func07/func/surfaces
7569163, sub-MSC05_ses-func04/func/surfaces
7569483, sub-MSC05_ses-func09/func/surfaces
7569979, sub-MSC05_ses-func10/func/surfaces
7570099, sub-MSC05_ses-func08/func/surfaces
7668760, sub-MSC04_ses-func01/func
7672128, sub-MSC04_ses-func07/func
7672440, sub-MSC04_ses-func05/func
7674456, sub-MSC04_ses-func06/func
7675104, sub-MSC04_ses-func08/func
7675320, sub-MSC04_ses-func10/func
7675936, sub-MSC04_ses-func03/func
7676032, sub-MSC04_ses-func04/func
7677112, sub-MSC04_ses-func02/func
7679872, sub-MSC04_ses-func09/func
7775070, sub-MSC04_ses-func01
7778846, sub-MSC04_ses-func07
7779750, sub-MSC04_ses-func05
7780718, sub-MSC04_ses-func06
7781422, sub-MSC04_ses-func08
7782558, sub-MSC04_ses-func10
7782854, sub-MSC04_ses-func04
7782878, sub-MSC04_ses-func03
7784886, sub-MSC04_ses-func02
7786190, sub-MSC04_ses-func09
7804768, sub-MSC03_ses-func03/func
7807560, sub-MSC03_ses-func08/func
7808007, sub-MSC03_ses-func09/func
7808072, sub-MSC03_ses-func01/func
7808192, sub-MSC03_ses-func02/func
7808432, sub-MSC03_ses-func04/func
7809416, sub-MSC03_ses-func06/func
7809487, sub-MSC03_ses-func05/func
7810351, sub-MSC03_ses-func07/func
7812352, sub-MSC03_ses-func10/func
7912150, sub-MSC03_ses-func03
7915198, sub-MSC03_ses-func08
7915734, sub-MSC03_ses-func01
7915804, sub-MSC03_ses-func09
7915870, sub-MSC03_ses-func02
7915918, sub-MSC03_ses-func04
7917118, sub-MSC03_ses-func06
7917228, sub-MSC03_ses-func05
7918012, sub-MSC03_ses-func07
7920374, sub-MSC03_ses-func10
7947128, sub-MSC07_ses-func03/func
7947224, sub-MSC07_ses-func04/func
7947376, sub-MSC07_ses-func07/func
7949248, sub-MSC07_ses-func10/func
7949304, sub-MSC07_ses-func09/func
7950200, sub-MSC07_ses-func08/func
7950784, sub-MSC07_ses-func01/func
7951080, sub-MSC07_ses-func02/func
7952416, sub-MSC07_ses-func05/func
7952480, sub-MSC07_ses-func06/func
8049343, sub-MSC08_ses-func07/func
8052066, sub-MSC08_ses-func05/func
8052391, sub-MSC08_ses-func10/func
8052903, sub-MSC08_ses-func06/func
8058390, sub-MSC07_ses-func07
8058910, sub-MSC07_ses-func03
8059478, sub-MSC07_ses-func04
8060326, sub-MSC07_ses-func10
8060950, sub-MSC07_ses-func09
8061582, sub-MSC07_ses-func08
8061870, sub-MSC07_ses-func05
8062214, sub-MSC07_ses-func01
8062358, sub-MSC07_ses-func02
8063550, sub-MSC07_ses-func06
8161453, sub-MSC08_ses-func07
8164288, sub-MSC08_ses-func05
8164645, sub-MSC08_ses-func10
8164989, sub-MSC08_ses-func06
8237472, sub-MSC08_ses-func03/func
8244888, sub-MSC08_ses-func01/func
8244976, sub-MSC08_ses-func04/func
8245080, sub-MSC08_ses-func02/func
8258368, sub-MSC02_ses-func01/func
8259704, sub-MSC02_ses-func02/func
8260648, sub-MSC02_ses-func10/func
8261672, sub-MSC02_ses-func07/func
8262360, sub-MSC02_ses-func09/func
8262432, sub-MSC02_ses-func08/func
8262712, sub-MSC02_ses-func03/func
8263944, sub-MSC02_ses-func04/func
8265336, sub-MSC02_ses-func06/func
8266080, sub-MSC02_ses-func05/func
8349990, sub-MSC08_ses-func03
8356926, sub-MSC08_ses-func01
8357830, sub-MSC08_ses-func04
8358118, sub-MSC08_ses-func02
8362312, sub-MSC02_ses-struct01/func
8376993, sub-MSC02_ses-func01
8378814, sub-MSC02_ses-func02
8379302, sub-MSC02_ses-func10
8379942, sub-MSC02_ses-func07
8381142, sub-MSC02_ses-func09
8381422, sub-MSC02_ses-func08
8381462, sub-MSC02_ses-func03
8382998, sub-MSC02_ses-func04
8384414, sub-MSC02_ses-func06
8386062, sub-MSC02_ses-func05
8511904, sub-MSC06_ses-func08/func
8518192, sub-MSC06_ses-func07/func
8520848, sub-MSC06_ses-func02/func
8520944, sub-MSC06_ses-func03/func
8521399, sub-MSC06_ses-func04/func
8522016, sub-MSC06_ses-func05/func
8522320, sub-MSC06_ses-func10/func
8523592, sub-MSC06_ses-func06/func
8524784, sub-MSC06_ses-func09/func
8524904, sub-MSC06_ses-func01/func
8626742, sub-MSC06_ses-func08
8633182, sub-MSC06_ses-func07
8635254, sub-MSC06_ses-func03
8635326, sub-MSC06_ses-func02
8636148, sub-MSC06_ses-func04
8636878, sub-MSC06_ses-func10
8637046, sub-MSC06_ses-func05
8638246, sub-MSC06_ses-func06
8639166, sub-MSC06_ses-func09
8639446, sub-MSC06_ses-func01
8760152, sub-MSC05_ses-func04/func
8760608, sub-MSC05_ses-func01/func
8762816, sub-MSC05_ses-func03/func
8763840, sub-MSC05_ses-func05/func
8765448, sub-MSC05_ses-func02/func
8766848, sub-MSC05_ses-func09/func
8767368, sub-MSC05_ses-func06/func
8769480, sub-MSC05_ses-func10/func
8769864, sub-MSC05_ses-func08/func
8770744, sub-MSC05_ses-func07/func
8879790, sub-MSC05_ses-func04
8880182, sub-MSC05_ses-func01
8882902, sub-MSC05_ses-func03
8883046, sub-MSC05_ses-func05
8884974, sub-MSC05_ses-func02
8886102, sub-MSC05_ses-func09
8886358, sub-MSC05_ses-func06
8889406, sub-MSC05_ses-func10
8889598, sub-MSC05_ses-func08
8890646, sub-MSC05_ses-func07
11013918, sub-MSC02_ses-struct01
41899137, sub-MSC09
76880845, sub-MSC08
81263824, sub-MSC04
82658434, sub-MSC03
84071189, sub-MSC07
90025859, sub-MSC06
92380983, sub-MSC05
96589271, sub-MSC02
653451613, .
